Address,Theatre,Show,Date,Time,Ticket Source,Ticket Price,Section,Seat,Notes
219 West 48th Street,Walter Kerr Theatre,Hadestown,"Wednesday, September 9, 2026",2:00 PM,TDF,$66.50,,,
222 West 51st Street,Gershwin Theatre,Wicked,"Tuesday, September 8, 2026",7:00 PM,Broadway Direct Lottery,$55.00,,,
246 West 44th Street,St. James Theatre,Titanique,"Thursday, August 27, 2026",7:30 PM,TDF,$66.50,,,Fan appreciate show with Patty LuPone cameo. Stagedoored after.
1535 Broadway,Marquis Theatre,Stranger Things: The First Shadow,"Wednesday, August 26, 2026",7:00 PM,TDF,$57.50,,,Talked to seat neighbor a lot.
160 West 47th Street,Palace Theatre,The Lost Boys,"Thursday, August 20, 2026",7:00 PM,TDF,$65.50,,,
141 West 44th Street,Hudson Theatre,Every Brillant Thing,"Sunday, July 12, 2026",3:00 PM,TDF,$56.50,,,
#N/A,#N/A,,,,,,,,
#N/A,#N/A,,,,,,,,
#N/A,#N/A,,,,,,,,
#N/A,#N/A,,,,,,,,
#N/A,#N/A,,,,,,,,
#N/A,#N/A,,,,,,,,
#N/A,#N/A,,,,,,,,
#N/A,#N/A,,,,,,,,
#N/A,#N/A,,,,,,,,
#N/A,#N/A,,,,,,,,
#N/A,#N/A,,,,,,,,
#N/A,#N/A,,,,,,,,
#N/A,#N/A,,,,,,,,
#N/A,#N/A,,,,,,,,
#N/A,#N/A,,,,,,,,
#N/A,#N/A,,,,,,,,
#N/A,#N/A,,,,,,,,
#N/A,#N/A,,,,,,,,
#N/A,#N/A,,,,,,,,
#N/A,#N/A,,,,,,,,
#N/A,#N/A,,,,,,,,
#N/A,#N/A,,,,,,,,
#N/A,#N/A,,,,,,,,
#N/A,#N/A,,,,,,,,
#N/A,#N/A,,,,,,,,
#N/A,#N/A,,,,,,,,
#N/A,#N/A,,,,,,,,
#N/A,#N/A,,,,,,,,
#N/A,#N/A,,,,,,,,
#N/A,#N/A,,,,,,,,
#N/A,#N/A,,,,,,,,
#N/A,#N/A,,,,,,,,
#N/A,#N/A,,,,,,,,
#N/A,#N/A,,,,,,,,
#N/A,#N/A,,,,,,,,
#N/A,#N/A,,,,,,,,
#N/A,#N/A,,,,,,,,
#N/A,#N/A,,,,,,,,
#N/A,#N/A,,,,,,,,
#N/A,#N/A,,,,,,,,
#N/A,#N/A,,,,,,,,
#N/A,#N/A,,,,,,,,
#N/A,#N/A,,,,,,,,
#N/A,#N/A,,,,,,,,
#N/A,#N/A,,,,,,,,
#N/A,#N/A,,,,,,,,
#N/A,#N/A,,,,,,,,
#N/A,#N/A,,,,,,,,
#N/A,#N/A,,,,,,,,
#N/A,#N/A,,,,,,,,
#N/A,#N/A,,,,,,,,
#N/A,#N/A,,,,,,,,
#N/A,#N/A,,,,,,,,
#N/A,#N/A,,,,,,,,
#N/A,#N/A,,,,,,,,
#N/A,#N/A,,,,,,,,
#N/A,#N/A,,,,,,,,
#N/A,#N/A,,,,,,,,
#N/A,#N/A,,,,,,,,
#N/A,#N/A,,,,,,,,
#N/A,#N/A,,,,,,,,
#N/A,#N/A,,,,,,,,
#N/A,#N/A,,,,,,,,
#N/A,#N/A,,,,,,,,
#N/A,#N/A,,,,,,,,
#N/A,#N/A,,,,,,,,
#N/A,#N/A,,,,,,,,
#N/A,#N/A,,,,,,,,
#N/A,#N/A,,,,,,,,
#N/A,#N/A,,,,,,,,
#N/A,#N/A,,,,,,,,
#N/A,#N/A,,,,,,,,
#N/A,#N/A,,,,,,,,
#N/A,#N/A,,,,,,,,
#N/A,#N/A,,,,,,,,
#N/A,#N/A,,,,,,,,
#N/A,#N/A,,,,,,,,
#N/A,#N/A,,,,,,,,
#N/A,#N/A,,,,,,,,
#N/A,#N/A,,,,,,,,
#N/A,#N/A,,,,,,,,
#N/A,#N/A,,,,,,,,
#N/A,#N/A,,,,,,,,
#N/A,#N/A,,,,,,,,
#N/A,#N/A,,,,,,,,
#N/A,#N/A,,,,,,,,
#N/A,#N/A,,,,,,,,
#N/A,#N/A,,,,,,,,
#N/A,#N/A,,,,,,,,
#N/A,#N/A,,,,,,,,
#N/A,#N/A,,,,,,,,
#N/A,#N/A,,,,,,,,
#N/A,#N/A,,,,,,,,
#N/A,#N/A,,,,,,,,
#N/A,#N/A,,,,,,,,
#N/A,#N/A,,,,,,,,
#N/A,#N/A,,,,,,,,
#N/A,#N/A,,,,,,,,
#N/A,#N/A,,,,,,,,
#N/A,#N/A,,,,,,,,
#N/A,#N/A,,,,,,,,
#N/A,#N/A,,,,,,,,
#N/A,#N/A,,,,,,,,
#N/A,#N/A,,,,,,,,
#N/A,#N/A,,,,,,,,
#N/A,#N/A,,,,,,,,
#N/A,#N/A,,,,,,,,
#N/A,#N/A,,,,,,,,
#N/A,#N/A,,,,,,,,
#N/A,#N/A,,,,,,,,
#N/A,#N/A,,,,,,,,
#N/A,#N/A,,,,,,,,
#N/A,#N/A,,,,,,,,
#N/A,#N/A,,,,,,,,
#N/A,#N/A,,,,,,,,
#N/A,#N/A,,,,,,,,
#N/A,#N/A,,,,,,,,
#N/A,#N/A,,,,,,,,
#N/A,#N/A,,,,,,,,
#N/A,#N/A,,,,,,,,
#N/A,#N/A,,,,,,,,
#N/A,#N/A,,,,,,,,
#N/A,#N/A,,,,,,,,
#N/A,#N/A,,,,,,,,
#N/A,#N/A,,,,,,,,
#N/A,#N/A,,,,,,,,
#N/A,#N/A,,,,,,,,
#N/A,#N/A,,,,,,,,
#N/A,#N/A,,,,,,,,
#N/A,#N/A,,,,,,,,
#N/A,#N/A,,,,,,,,
#N/A,#N/A,,,,,,,,
#N/A,#N/A,,,,,,,,
#N/A,#N/A,,,,,,,,
#N/A,#N/A,,,,,,,,
#N/A,#N/A,,,,,,,,
#N/A,#N/A,,,,,,,,
#N/A,#N/A,,,,,,,,
#N/A,#N/A,,,,,,,,
#N/A,#N/A,,,,,,,,
#N/A,#N/A,,,,,,,,
#N/A,#N/A,,,,,,,,
#N/A,#N/A,,,,,,,,
#N/A,#N/A,,,,,,,,
#N/A,#N/A,,,,,,,,
#N/A,#N/A,,,,,,,,
#N/A,#N/A,,,,,,,,
#N/A,#N/A,,,,,,,,
#N/A,#N/A,,,,,,,,
#N/A,#N/A,,,,,,,,
#N/A,#N/A,,,,,,,,
#N/A,#N/A,,,,,,,,
#N/A,#N/A,,,,,,,,
#N/A,#N/A,,,,,,,,